metric,baseline_mean_total,sfea_mean_total,mean_diff_total,test,p_value,notes
comm_bytes,973459373753.6666,186432533333.33334,787026840420.3334,ttest_rel,0.0020998556522626153,shapiro_p=0.1828
energy_j,4864.77939,3383.3323400000004,1481.44705,ttest_rel,0.0017084398250826506,shapiro_p=0.1106
avg_latency_ms,37324.8766186153,33991.00178048993,3333.8748381253704,wilcoxon,1.0,shapiro_p=7.772e-16
