config,mean_J,p50_J,p95_J,mean_T_local
baseline,1.7725449421333332,0.916651,5.57912,0.15
enhanced,1.5970128669333334,0.671227,5.5791635,0.15
