total_comm_bytes,total_energy_j,avg_latency_ms
918812000000.0,4883.287149999999,667.0150217278027
